occurrenceID,identifier,dc:type,dcterms:rights,CreateDate,captureDevice,resourceCreationTechnique,accessURI,dc:format,serviceExpectation
b9542c53-fb3b-4fe4-8afc-3dad1667b7c7,25e23423-268d-3051-80a9-896bcc3d44d8,StillImage,CC-BY-4.0,2024-07-18T13:10:45Z,,fixed sampling rate,https://anon.erda.au.dk/share_redirect/HO2mESGt0O/tiff2jpg/2024/belgium/CT_20240718T131045.812088_GT_20240718T131045.765366_lon_4.2948281_lat_50.7934799_alt_64.059_vel_26.179_expt_663.608_gain_2.2_tag_RemoteSw1.jpg,image/jpeg,online
6980ce49-04e3-4196-bef1-1d72e02d40f2,782b4e02-085c-3b9d-bfef-1a8320ecb224,StillImage,CC-BY-4.0,2024-07-18T15:00:07Z,,fixed sampling rate,https://anon.erda.au.dk/share_redirect/HO2mESGt0O/tiff2jpg/2024/belgium/CT_20240718T150007.670670_GT_20240718T150007.577785_lon_4.2288298_lat_50.7114055_alt_83.432_vel_16.764_expt_1126.408_gain_0.7_tag_RemoteSw1.jpg,image/jpeg,online
f6687b64-2339-4cec-9bd3-630b319a69a8,c8f916b2-f511-308e-99a0-899ee7f1c165,StillImage,CC-BY-4.0,2024-07-18T15:00:10Z,,fixed sampling rate,https://anon.erda.au.dk/share_redirect/HO2mESGt0O/tiff2jpg/2024/belgium/CT_20240718T150010.739633_GT_20240718T150010.675991_lon_4.2289867999999995_lat_50.7114809_alt_82.995_vel_16.559_expt_1027.24_gain_5.1_tag_RemoteSw1.jpg,image/jpeg,online
854ebf05-d720-40f4-b926-875a3ef29d1a,c8f916b2-f511-308e-99a0-899ee7f1c165,StillImage,CC-BY-4.0,2024-07-18T15:00:10Z,,fixed sampling rate,https://anon.erda.au.dk/share_redirect/HO2mESGt0O/tiff2jpg/2024/belgium/CT_20240718T150010.739633_GT_20240718T150010.675991_lon_4.2289867999999995_lat_50.7114809_alt_82.995_vel_16.559_expt_1027.24_gain_5.1_tag_RemoteSw1.jpg,image/jpeg,online
b34bccdf-e163-4bc6-a059-a88fa1a0fefd,4e0b51d0-a9b6-3e16-83be-ffc20cc72f86,StillImage,CC-BY-4.0,2024-07-18T15:00:10Z,,fixed sampling rate,https://anon.erda.au.dk/share_redirect/HO2mESGt0O/tiff2jpg/2024/belgium/CT_20240718T150010.839961_GT_20240718T150010.780787_lon_4.2289924999999995_lat_50.711483699999995_alt_82.986_vel_16.786_expt_1027.24_gain_5.1_tag_RemoteSw1.jpg,image/jpeg,online
219a0cde-6032-4c10-aeab-14e27b4f65b3,4e0b51d0-a9b6-3e16-83be-ffc20cc72f86,StillImage,CC-BY-4.0,2024-07-18T15:00:10Z,,fixed sampling rate,https://anon.erda.au.dk/share_redirect/HO2mESGt0O/tiff2jpg/2024/belgium/CT_20240718T150010.839961_GT_20240718T150010.780787_lon_4.2289924999999995_lat_50.711483699999995_alt_82.986_vel_16.786_expt_1027.24_gain_5.1_tag_RemoteSw1.jpg,image/jpeg,online
7e22f592-2a43-4b6b-a02c-f272ca197b2b,225c30d3-9e76-3f53-a80a-4ae6285e02fa,StillImage,CC-BY-4.0,2024-07-18T15:00:11Z,,fixed sampling rate,https://anon.erda.au.dk/share_redirect/HO2mESGt0O/tiff2jpg/2024/belgium/CT_20240718T150011.610418_GT_20240718T150011.578303_lon_4.2290385_lat_50.711507_alt_82.872_vel_18.751_expt_1027.24_gain_5.1_tag_RemoteSw1.jpg,image/jpeg,online
913337e2-5c5a-49c8-a859-f1fabd8696ad,225c30d3-9e76-3f53-a80a-4ae6285e02fa,StillImage,CC-BY-4.0,2024-07-18T15:00:11Z,,fixed sampling rate,https://anon.erda.au.dk/share_redirect/HO2mESGt0O/tiff2jpg/2024/belgium/CT_20240718T150011.610418_GT_20240718T150011.578303_lon_4.2290385_lat_50.711507_alt_82.872_vel_18.751_expt_1027.24_gain_5.1_tag_RemoteSw1.jpg,image/jpeg,online
d2c55724-51d3-4821-bba4-1b5b4d1b91cd,225c30d3-9e76-3f53-a80a-4ae6285e02fa,StillImage,CC-BY-4.0,2024-07-18T15:00:11Z,,fixed sampling rate,https://anon.erda.au.dk/share_redirect/HO2mESGt0O/tiff2jpg/2024/belgium/CT_20240718T150011.610418_GT_20240718T150011.578303_lon_4.2290385_lat_50.711507_alt_82.872_vel_18.751_expt_1027.24_gain_5.1_tag_RemoteSw1.jpg,image/jpeg,online
39875525-ba3f-4206-bfb4-bd4d3df1789f,44780be6-5d29-3654-9fef-3d9061f89361,StillImage,CC-BY-4.0,2024-07-18T15:00:11Z,,fixed sampling rate,https://anon.erda.au.dk/share_redirect/HO2mESGt0O/tiff2jpg/2024/belgium/CT_20240718T150011.714419_GT_20240718T150011.678210_lon_4.229044399999999_lat_50.7115101_alt_82.83500000000001_vel_18.382_expt_1027.24_gain_5.1_tag_RemoteSw1.jpg,image/jpeg,online
f85bd9c4-ab5d-4046-8784-238bcb4b4df9,6278e115-cef0-395f-8bb2-39eb6e66fd15,StillImage,CC-BY-4.0,2024-07-18T15:00:12Z,,fixed sampling rate,https://anon.erda.au.dk/share_redirect/HO2mESGt0O/tiff2jpg/2024/belgium/CT_20240718T150012.470130_GT_20240718T150012.378993_lon_4.2290836999999994_lat_50.711532299999995_alt_82.609_vel_18.964_expt_1027.24_gain_5.1_tag_RemoteSw1.jpg,image/jpeg,online
5668fcfd-8e1c-4327-a5d3-93dcafa26d6f,6278e115-cef0-395f-8bb2-39eb6e66fd15,StillImage,CC-BY-4.0,2024-07-18T15:00:12Z,,fixed sampling rate,https://anon.erda.au.dk/share_redirect/HO2mESGt0O/tiff2jpg/2024/belgium/CT_20240718T150012.470130_GT_20240718T150012.378993_lon_4.2290836999999994_lat_50.711532299999995_alt_82.609_vel_18.964_expt_1027.24_gain_5.1_tag_RemoteSw1.jpg,image/jpeg,online
75259b63-33af-4df9-b95c-4035dbea3bf0,bf82670a-e777-3948-b8eb-863263eb964a,StillImage,CC-BY-4.0,2024-07-18T15:01:04Z,,fixed sampling rate,https://anon.erda.au.dk/share_redirect/HO2mESGt0O/tiff2jpg/2024/belgium/CT_20240718T150105.059214_GT_20240718T150104.976586_lon_4.2305903_lat_50.7137533_alt_85.18900000000001_vel_9.434_expt_1423.92_gain_0.2_tag_RemoteSw1.jpg,image/jpeg,online
6ee4ffca-eca9-40af-9e7f-ba20ba3f8407,8b963b56-83ff-3131-b652-eb5bdc9f092e,StillImage,CC-BY-4.0,2024-07-18T15:01:06Z,,fixed sampling rate,https://anon.erda.au.dk/share_redirect/HO2mESGt0O/tiff2jpg/2024/belgium/CT_20240718T150107.040308_GT_20240718T150106.981851_lon_4.2306102999999995_lat_50.7137926_alt_85.057_vel_7.527_expt_2052.008_gain_2.5_tag_RemoteSw1.jpg,image/jpeg,online
c03427a4-9119-43e9-8dd8-6e9b0344b9d9,b55751f9-0210-374e-ba94-b3b4aa2e685b,StillImage,CC-BY-4.0,2024-07-25T14:41:19Z,,fixed sampling rate,https://anon.erda.au.dk/share_redirect/HO2mESGt0O/tiff2jpg/2024/belgium/CT_20240725T144119.173808_GT_20240725T144119.162998_lon_4.3716637_lat_51.0019091_alt_54.316_vel_18.013_expt_564.44_gain_8.3_tag_RemoteSw1.jpg,image/jpeg,online
30433ed4-0266-43e5-b9cd-0876f8a68f0a,403443de-be6c-375d-8265-48704b8d5efb,StillImage,CC-BY-4.0,2024-07-25T14:41:20Z,,fixed sampling rate,https://anon.erda.au.dk/share_redirect/HO2mESGt0O/tiff2jpg/2024/belgium/CT_20240725T144120.795763_GT_20240725T144120.761955_lon_4.3717081_lat_51.001846699999994_alt_54.27_vel_17.385_expt_564.44_gain_7.3_tag_RemoteSw1.jpg,image/jpeg,online
8b648bb2-38fd-4a99-a77f-b3de40cefa9e,5a31f48b-2685-3375-ac32-cb5891fd43d9,StillImage,CC-BY-4.0,2024-07-25T14:41:28Z,,fixed sampling rate,https://anon.erda.au.dk/share_redirect/HO2mESGt0O/tiff2jpg/2024/belgium/CT_20240725T144128.746002_GT_20240725T144128.661411_lon_4.371962_lat_51.001529999999995_alt_54.804_vel_15.587_expt_597.496_gain_11.1_tag_RemoteSw1.jpg,image/jpeg,online
86411d42-3f36-4eff-9a86-a4c2d3f34773,0933709b-5856-3bf2-8a57-9e79faa39029,StillImage,CC-BY-4.0,2024-07-30T14:27:20Z,,fixed sampling rate,https://anon.erda.au.dk/share_redirect/HO2mESGt0O/tiff2jpg/2024/belgium/CT_20240730T142720.870665_GT_20240730T142720.844424_lon_4.4295672_lat_51.0636546_alt_57.319_vel_9.224_expt_1126.408_gain_1.6_tag_RemoteSw1.jpg,image/jpeg,online
574ff424-dda2-42ca-842f-9a074d9aa2af,0933709b-5856-3bf2-8a57-9e79faa39029,StillImage,CC-BY-4.0,2024-07-30T14:27:20Z,,fixed sampling rate,https://anon.erda.au.dk/share_redirect/HO2mESGt0O/tiff2jpg/2024/belgium/CT_20240730T142720.870665_GT_20240730T142720.844424_lon_4.4295672_lat_51.0636546_alt_57.319_vel_9.224_expt_1126.408_gain_1.6_tag_RemoteSw1.jpg,image/jpeg,online
090c0e2a-dc5d-4560-aab1-6143293cfc0a,0933709b-5856-3bf2-8a57-9e79faa39029,StillImage,CC-BY-4.0,2024-07-30T14:27:20Z,,fixed sampling rate,https://anon.erda.au.dk/share_redirect/HO2mESGt0O/tiff2jpg/2024/belgium/CT_20240730T142720.870665_GT_20240730T142720.844424_lon_4.4295672_lat_51.0636546_alt_57.319_vel_9.224_expt_1126.408_gain_1.6_tag_RemoteSw1.jpg,image/jpeg,online
4f693261-16dc-4232-9ead-a87e7662d6f5,5813e32b-1d62-3ef7-9b5e-0689323bfd84,StillImage,CC-BY-4.0,2024-07-30T14:27:23Z,,fixed sampling rate,https://anon.erda.au.dk/share_redirect/HO2mESGt0O/tiff2jpg/2024/belgium/CT_20240730T142723.341479_GT_20240730T142723.248456_lon_4.4295523_lat_51.0635762_alt_57.692_vel_15.918_expt_630.552_gain_8.5_tag_RemoteSw1.jpg,image/jpeg,online
fb23c5ca-ee77-457e-a8cc-fd6573f35b91,5813e32b-1d62-3ef7-9b5e-0689323bfd84,StillImage,CC-BY-4.0,2024-07-30T14:27:23Z,,fixed sampling rate,https://anon.erda.au.dk/share_redirect/HO2mESGt0O/tiff2jpg/2024/belgium/CT_20240730T142723.341479_GT_20240730T142723.248456_lon_4.4295523_lat_51.0635762_alt_57.692_vel_15.918_expt_630.552_gain_8.5_tag_RemoteSw1.jpg,image/jpeg,online
38965246-eecc-49e0-863d-19be97cb9ea6,5813e32b-1d62-3ef7-9b5e-0689323bfd84,StillImage,CC-BY-4.0,2024-07-30T14:27:23Z,,fixed sampling rate,https://anon.erda.au.dk/share_redirect/HO2mESGt0O/tiff2jpg/2024/belgium/CT_20240730T142723.341479_GT_20240730T142723.248456_lon_4.4295523_lat_51.0635762_alt_57.692_vel_15.918_expt_630.552_gain_8.5_tag_RemoteSw1.jpg,image/jpeg,online
37b1c766-c7ba-4b77-811b-04d432cd3401,5813e32b-1d62-3ef7-9b5e-0689323bfd84,StillImage,CC-BY-4.0,2024-07-30T14:27:23Z,,fixed sampling rate,https://anon.erda.au.dk/share_redirect/HO2mESGt0O/tiff2jpg/2024/belgium/CT_20240730T142723.341479_GT_20240730T142723.248456_lon_4.4295523_lat_51.0635762_alt_57.692_vel_15.918_expt_630.552_gain_8.5_tag_RemoteSw1.jpg,image/jpeg,online
4ac2edd6-c329-4945-8490-7b044d083c28,9590f3ca-afdb-3a33-b38d-0ff419e788e7,StillImage,CC-BY-4.0,2024-07-30T14:27:34Z,,fixed sampling rate,https://anon.erda.au.dk/share_redirect/HO2mESGt0O/tiff2jpg/2024/belgium/CT_20240730T142734.666044_GT_20240730T142734.647377_lon_4.4294654_lat_51.0630743_alt_55.777_vel_14.879_expt_597.496_gain_8.9_tag_RemoteSw1.jpg,image/jpeg,online
61db5a1d-d349-45bb-83de-a13d6434f37e,7dba3bff-b1b5-30fd-8c11-9fd515367831,StillImage,CC-BY-4.0,2024-07-30T14:27:36Z,,fixed sampling rate,https://anon.erda.au.dk/share_redirect/HO2mESGt0O/tiff2jpg/2024/belgium/CT_20240730T142736.769905_GT_20240730T142736.753642_lon_4.429454_lat_51.0630005_alt_55.448_vel_12.598_expt_696.664_gain_7.2_tag_RemoteSw1.jpg,image/jpeg,online
714eedcd-d5db-4ed2-a83c-f3f8d3e8fd23,7dba3bff-b1b5-30fd-8c11-9fd515367831,StillImage,CC-BY-4.0,2024-07-30T14:27:36Z,,fixed sampling rate,https://anon.erda.au.dk/share_redirect/HO2mESGt0O/tiff2jpg/2024/belgium/CT_20240730T142736.769905_GT_20240730T142736.753642_lon_4.429454_lat_51.0630005_alt_55.448_vel_12.598_expt_696.664_gain_7.2_tag_RemoteSw1.jpg,image/jpeg,online
97f95056-a311-48dc-9edb-9baedfdff955,7dba3bff-b1b5-30fd-8c11-9fd515367831,StillImage,CC-BY-4.0,2024-07-30T14:27:36Z,,fixed sampling rate,https://anon.erda.au.dk/share_redirect/HO2mESGt0O/tiff2jpg/2024/belgium/CT_20240730T142736.769905_GT_20240730T142736.753642_lon_4.429454_lat_51.0630005_alt_55.448_vel_12.598_expt_696.664_gain_7.2_tag_RemoteSw1.jpg,image/jpeg,online
3ffa5c70-6fc7-4219-9c54-f41efef358dd,7dba3bff-b1b5-30fd-8c11-9fd515367831,StillImage,CC-BY-4.0,2024-07-30T14:27:36Z,,fixed sampling rate,https://anon.erda.au.dk/share_redirect/HO2mESGt0O/tiff2jpg/2024/belgium/CT_20240730T142736.769905_GT_20240730T142736.753642_lon_4.429454_lat_51.0630005_alt_55.448_vel_12.598_expt_696.664_gain_7.2_tag_RemoteSw1.jpg,image/jpeg,online
12529aae-027b-4819-b3e3-9af1e0018b0d,7dba3bff-b1b5-30fd-8c11-9fd515367831,StillImage,CC-BY-4.0,2024-07-30T14:27:36Z,,fixed sampling rate,https://anon.erda.au.dk/share_redirect/HO2mESGt0O/tiff2jpg/2024/belgium/CT_20240730T142736.769905_GT_20240730T142736.753642_lon_4.429454_lat_51.0630005_alt_55.448_vel_12.598_expt_696.664_gain_7.2_tag_RemoteSw1.jpg,image/jpeg,online
af3e88ed-44f7-4b1f-b0e5-17f167040f8d,7dba3bff-b1b5-30fd-8c11-9fd515367831,StillImage,CC-BY-4.0,2024-07-30T14:27:36Z,,fixed sampling rate,https://anon.erda.au.dk/share_redirect/HO2mESGt0O/tiff2jpg/2024/belgium/CT_20240730T142736.769905_GT_20240730T142736.753642_lon_4.429454_lat_51.0630005_alt_55.448_vel_12.598_expt_696.664_gain_7.2_tag_RemoteSw1.jpg,image/jpeg,online
b80d4e8b-d74e-4b3d-83f0-126a3232b17b,7dba3bff-b1b5-30fd-8c11-9fd515367831,StillImage,CC-BY-4.0,2024-07-30T14:27:36Z,,fixed sampling rate,https://anon.erda.au.dk/share_redirect/HO2mESGt0O/tiff2jpg/2024/belgium/CT_20240730T142736.769905_GT_20240730T142736.753642_lon_4.429454_lat_51.0630005_alt_55.448_vel_12.598_expt_696.664_gain_7.2_tag_RemoteSw1.jpg,image/jpeg,online
1d75d13f-192e-4754-9ee1-865ece3af082,7dba3bff-b1b5-30fd-8c11-9fd515367831,StillImage,CC-BY-4.0,2024-07-30T14:27:36Z,,fixed sampling rate,https://anon.erda.au.dk/share_redirect/HO2mESGt0O/tiff2jpg/2024/belgium/CT_20240730T142736.769905_GT_20240730T142736.753642_lon_4.429454_lat_51.0630005_alt_55.448_vel_12.598_expt_696.664_gain_7.2_tag_RemoteSw1.jpg,image/jpeg,online
e0bda7a2-9aa3-4e3b-8a6a-7f2650e54153,e8849eaf-06c7-38c4-b8df-a41e26187840,StillImage,CC-BY-4.0,2024-07-30T14:27:41Z,,fixed sampling rate,https://anon.erda.au.dk/share_redirect/HO2mESGt0O/tiff2jpg/2024/belgium/CT_20240730T142741.536184_GT_20240730T142741.547589_lon_4.429444_lat_51.0628761_alt_53.574_vel_4.335_expt_828.896_gain_4.4_tag_RemoteSw1.jpg,image/jpeg,online
6c8fabfd-6bc7-416d-ae41-103cbe274a71,4111355c-874e-39ed-b3ff-e67344ff8c02,StillImage,CC-BY-4.0,2024-09-03T11:07:28Z,,fixed sampling rate,https://anon.erda.au.dk/share_redirect/HO2mESGt0O/tiff2jpg/2024/belgium/CT_20240903T110728.234468_GT_20240903T110728.167313_lon_4.519616_lat_51.0116656_alt_67.253_vel_6.824_expt_3539.568_gain_5.0_tag_RemoteSw1.jpg,image/jpeg,online
9217b794-fb1d-45e0-9865-feeb668d431a,4111355c-874e-39ed-b3ff-e67344ff8c02,StillImage,CC-BY-4.0,2024-09-03T11:07:28Z,,fixed sampling rate,https://anon.erda.au.dk/share_redirect/HO2mESGt0O/tiff2jpg/2024/belgium/CT_20240903T110728.234468_GT_20240903T110728.167313_lon_4.519616_lat_51.0116656_alt_67.253_vel_6.824_expt_3539.568_gain_5.0_tag_RemoteSw1.jpg,image/jpeg,online
802e3570-c631-4a4f-b73b-f17325df634a,4111355c-874e-39ed-b3ff-e67344ff8c02,StillImage,CC-BY-4.0,2024-09-03T11:07:28Z,,fixed sampling rate,https://anon.erda.au.dk/share_redirect/HO2mESGt0O/tiff2jpg/2024/belgium/CT_20240903T110728.234468_GT_20240903T110728.167313_lon_4.519616_lat_51.0116656_alt_67.253_vel_6.824_expt_3539.568_gain_5.0_tag_RemoteSw1.jpg,image/jpeg,online
3c3679f5-68d9-4c65-abd9-1a59f67c5d7b,9f1a798c-9c8e-380c-bfb5-af6e2efb802f,StillImage,CC-BY-4.0,2024-09-03T11:07:28Z,,fixed sampling rate,https://anon.erda.au.dk/share_redirect/HO2mESGt0O/tiff2jpg/2024/belgium/CT_20240903T110728.333825_GT_20240903T110728.265921_lon_4.5196131_lat_51.0116656_alt_67.46000000000001_vel_6.828_expt_3539.568_gain_5.0_tag_RemoteSw1.jpg,image/jpeg,online
3881a3d8-c14d-4e40-ae69-998fdb68e0a1,9f1a798c-9c8e-380c-bfb5-af6e2efb802f,StillImage,CC-BY-4.0,2024-09-03T11:07:28Z,,fixed sampling rate,https://anon.erda.au.dk/share_redirect/HO2mESGt0O/tiff2jpg/2024/belgium/CT_20240903T110728.333825_GT_20240903T110728.265921_lon_4.5196131_lat_51.0116656_alt_67.46000000000001_vel_6.828_expt_3539.568_gain_5.0_tag_RemoteSw1.jpg,image/jpeg,online
aba90a37-6c4e-4ab8-ac8c-1add3c7ccd4e,9f1a798c-9c8e-380c-bfb5-af6e2efb802f,StillImage,CC-BY-4.0,2024-09-03T11:07:28Z,,fixed sampling rate,https://anon.erda.au.dk/share_redirect/HO2mESGt0O/tiff2jpg/2024/belgium/CT_20240903T110728.333825_GT_20240903T110728.265921_lon_4.5196131_lat_51.0116656_alt_67.46000000000001_vel_6.828_expt_3539.568_gain_5.0_tag_RemoteSw1.jpg,image/jpeg,online
48a79f0d-a29d-4157-947e-4a709975bb72,6d4df728-381e-3ab8-9379-b2dcc8a11061,StillImage,CC-BY-4.0,2024-09-03T11:07:30Z,,fixed sampling rate,https://anon.erda.au.dk/share_redirect/HO2mESGt0O/tiff2jpg/2024/belgium/CT_20240903T110730.289687_GT_20240903T110730.268588_lon_4.5195647_lat_51.0116617_alt_69.223_vel_4.382_expt_2184.232_gain_8.5_tag_RemoteSw1.jpg,image/jpeg,online
5db68dd5-f09a-4b22-b336-a97238af9cca,6d4df728-381e-3ab8-9379-b2dcc8a11061,StillImage,CC-BY-4.0,2024-09-03T11:07:30Z,,fixed sampling rate,https://anon.erda.au.dk/share_redirect/HO2mESGt0O/tiff2jpg/2024/belgium/CT_20240903T110730.289687_GT_20240903T110730.268588_lon_4.5195647_lat_51.0116617_alt_69.223_vel_4.382_expt_2184.232_gain_8.5_tag_RemoteSw1.jpg,image/jpeg,online
423bb868-b504-4d13-b8f1-7c24c0149b4f,6d4df728-381e-3ab8-9379-b2dcc8a11061,StillImage,CC-BY-4.0,2024-09-03T11:07:30Z,,fixed sampling rate,https://anon.erda.au.dk/share_redirect/HO2mESGt0O/tiff2jpg/2024/belgium/CT_20240903T110730.289687_GT_20240903T110730.268588_lon_4.5195647_lat_51.0116617_alt_69.223_vel_4.382_expt_2184.232_gain_8.5_tag_RemoteSw1.jpg,image/jpeg,online
d7eac373-287f-434f-8db4-7d9d3eeb845e,6d4df728-381e-3ab8-9379-b2dcc8a11061,StillImage,CC-BY-4.0,2024-09-03T11:07:30Z,,fixed sampling rate,https://anon.erda.au.dk/share_redirect/HO2mESGt0O/tiff2jpg/2024/belgium/CT_20240903T110730.289687_GT_20240903T110730.268588_lon_4.5195647_lat_51.0116617_alt_69.223_vel_4.382_expt_2184.232_gain_8.5_tag_RemoteSw1.jpg,image/jpeg,online
93cc1c23-5302-4bc6-99c0-e668319792a7,6d4df728-381e-3ab8-9379-b2dcc8a11061,StillImage,CC-BY-4.0,2024-09-03T11:07:30Z,,fixed sampling rate,https://anon.erda.au.dk/share_redirect/HO2mESGt0O/tiff2jpg/2024/belgium/CT_20240903T110730.289687_GT_20240903T110730.268588_lon_4.5195647_lat_51.0116617_alt_69.223_vel_4.382_expt_2184.232_gain_8.5_tag_RemoteSw1.jpg,image/jpeg,online
59a1cb37-0d5a-49b2-9f25-92ea20ad5c21,8b1f8723-e58c-32fe-9e7f-51fb40399ee6,StillImage,CC-BY-4.0,2024-09-03T11:07:32Z,,fixed sampling rate,https://anon.erda.au.dk/share_redirect/HO2mESGt0O/tiff2jpg/2024/belgium/CT_20240903T110732.500288_GT_20240903T110732.468724_lon_4.5195166_lat_51.0116551_alt_70.121_vel_4.108_expt_2184.232_gain_8.5_tag_RemoteSw1.jpg,image/jpeg,online
00b3144f-2d0a-41cc-88f5-69d226b8665f,8b1f8723-e58c-32fe-9e7f-51fb40399ee6,StillImage,CC-BY-4.0,2024-09-03T11:07:32Z,,fixed sampling rate,https://anon.erda.au.dk/share_redirect/HO2mESGt0O/tiff2jpg/2024/belgium/CT_20240903T110732.500288_GT_20240903T110732.468724_lon_4.5195166_lat_51.0116551_alt_70.121_vel_4.108_expt_2184.232_gain_8.5_tag_RemoteSw1.jpg,image/jpeg,online
0080b52b-9c53-4309-9d77-4365f220405b,8b1f8723-e58c-32fe-9e7f-51fb40399ee6,StillImage,CC-BY-4.0,2024-09-03T11:07:32Z,,fixed sampling rate,https://anon.erda.au.dk/share_redirect/HO2mESGt0O/tiff2jpg/2024/belgium/CT_20240903T110732.500288_GT_20240903T110732.468724_lon_4.5195166_lat_51.0116551_alt_70.121_vel_4.108_expt_2184.232_gain_8.5_tag_RemoteSw1.jpg,image/jpeg,online
13c69ae1-da6c-47d3-8b35-0744b38e36a5,8b1f8723-e58c-32fe-9e7f-51fb40399ee6,StillImage,CC-BY-4.0,2024-09-03T11:07:32Z,,fixed sampling rate,https://anon.erda.au.dk/share_redirect/HO2mESGt0O/tiff2jpg/2024/belgium/CT_20240903T110732.500288_GT_20240903T110732.468724_lon_4.5195166_lat_51.0116551_alt_70.121_vel_4.108_expt_2184.232_gain_8.5_tag_RemoteSw1.jpg,image/jpeg,online
ebe9047a-59bc-4648-9a58-143356f18f21,2a25c69f-8fbe-3c42-9f8c-ad337c5bdd35,StillImage,CC-BY-4.0,2024-09-03T11:07:32Z,,fixed sampling rate,https://anon.erda.au.dk/share_redirect/HO2mESGt0O/tiff2jpg/2024/belgium/CT_20240903T110732.596681_GT_20240903T110732.566838_lon_4.5195147_lat_51.0116537_alt_70.07000000000001_vel_3.939_expt_2184.232_gain_8.5_tag_RemoteSw1.jpg,image/jpeg,online
664bcc46-de54-45ee-814b-036b84dc92a1,2a25c69f-8fbe-3c42-9f8c-ad337c5bdd35,StillImage,CC-BY-4.0,2024-09-03T11:07:32Z,,fixed sampling rate,https://anon.erda.au.dk/share_redirect/HO2mESGt0O/tiff2jpg/2024/belgium/CT_20240903T110732.596681_GT_20240903T110732.566838_lon_4.5195147_lat_51.0116537_alt_70.07000000000001_vel_3.939_expt_2184.232_gain_8.5_tag_RemoteSw1.jpg,image/jpeg,online
9d789a3c-e0ca-46ea-a352-84fc7228f7dc,2a25c69f-8fbe-3c42-9f8c-ad337c5bdd35,StillImage,CC-BY-4.0,2024-09-03T11:07:32Z,,fixed sampling rate,https://anon.erda.au.dk/share_redirect/HO2mESGt0O/tiff2jpg/2024/belgium/CT_20240903T110732.596681_GT_20240903T110732.566838_lon_4.5195147_lat_51.0116537_alt_70.07000000000001_vel_3.939_expt_2184.232_gain_8.5_tag_RemoteSw1.jpg,image/jpeg,online
72aad1bb-1bdc-4171-a5b8-eb804a887115,2a25c69f-8fbe-3c42-9f8c-ad337c5bdd35,StillImage,CC-BY-4.0,2024-09-03T11:07:32Z,,fixed sampling rate,https://anon.erda.au.dk/share_redirect/HO2mESGt0O/tiff2jpg/2024/belgium/CT_20240903T110732.596681_GT_20240903T110732.566838_lon_4.5195147_lat_51.0116537_alt_70.07000000000001_vel_3.939_expt_2184.232_gain_8.5_tag_RemoteSw1.jpg,image/jpeg,online
f7a0798b-8e7b-4bb2-bfb4-cbcc3706f077,2a25c69f-8fbe-3c42-9f8c-ad337c5bdd35,StillImage,CC-BY-4.0,2024-09-03T11:07:32Z,,fixed sampling rate,https://anon.erda.au.dk/share_redirect/HO2mESGt0O/tiff2jpg/2024/belgium/CT_20240903T110732.596681_GT_20240903T110732.566838_lon_4.5195147_lat_51.0116537_alt_70.07000000000001_vel_3.939_expt_2184.232_gain_8.5_tag_RemoteSw1.jpg,image/jpeg,online
123fb234-a2af-41fe-bb77-e8a9570f3bb5,b0d0554d-1f39-3ace-ab5c-53fd1e8cb65a,StillImage,CC-BY-4.0,2024-09-03T11:07:35Z,,fixed sampling rate,https://anon.erda.au.dk/share_redirect/HO2mESGt0O/tiff2jpg/2024/belgium/CT_20240903T110735.729084_GT_20240903T110735.664674_lon_4.5194304_lat_51.011638_alt_69.56700000000001_vel_6.533_expt_2184.232_gain_8.5_tag_RemoteSw1.jpg,image/jpeg,online
5e8a1f2c-ad24-407b-bc4d-8f31b23c7f18,b0d0554d-1f39-3ace-ab5c-53fd1e8cb65a,StillImage,CC-BY-4.0,2024-09-03T11:07:35Z,,fixed sampling rate,https://anon.erda.au.dk/share_redirect/HO2mESGt0O/tiff2jpg/2024/belgium/CT_20240903T110735.729084_GT_20240903T110735.664674_lon_4.5194304_lat_51.011638_alt_69.56700000000001_vel_6.533_expt_2184.232_gain_8.5_tag_RemoteSw1.jpg,image/jpeg,online
4383a279-c389-4217-a8ae-67b3f867fa3b,b0d0554d-1f39-3ace-ab5c-53fd1e8cb65a,StillImage,CC-BY-4.0,2024-09-03T11:07:35Z,,fixed sampling rate,https://anon.erda.au.dk/share_redirect/HO2mESGt0O/tiff2jpg/2024/belgium/CT_20240903T110735.729084_GT_20240903T110735.664674_lon_4.5194304_lat_51.011638_alt_69.56700000000001_vel_6.533_expt_2184.232_gain_8.5_tag_RemoteSw1.jpg,image/jpeg,online
a7192604-e897-41ec-966c-5eaf9d4e0859,b0d0554d-1f39-3ace-ab5c-53fd1e8cb65a,StillImage,CC-BY-4.0,2024-09-03T11:07:35Z,,fixed sampling rate,https://anon.erda.au.dk/share_redirect/HO2mESGt0O/tiff2jpg/2024/belgium/CT_20240903T110735.729084_GT_20240903T110735.664674_lon_4.5194304_lat_51.011638_alt_69.56700000000001_vel_6.533_expt_2184.232_gain_8.5_tag_RemoteSw1.jpg,image/jpeg,online
760bab4a-285b-47ee-9082-261234b56079,b71f65a1-1ef9-3fcd-bff8-34ce8ea8adb4,StillImage,CC-BY-4.0,2024-09-03T11:07:35Z,,fixed sampling rate,https://anon.erda.au.dk/share_redirect/HO2mESGt0O/tiff2jpg/2024/belgium/CT_20240903T110735.775783_GT_20240903T110735.764043_lon_4.5194274_lat_51.011637_alt_69.553_vel_6.557_expt_1523.096_gain_12.4_tag_RemoteSw1.jpg,image/jpeg,online
522a9e7e-5c83-4f8b-9718-aed2c28690b6,b71f65a1-1ef9-3fcd-bff8-34ce8ea8adb4,StillImage,CC-BY-4.0,2024-09-03T11:07:35Z,,fixed sampling rate,https://anon.erda.au.dk/share_redirect/HO2mESGt0O/tiff2jpg/2024/belgium/CT_20240903T110735.775783_GT_20240903T110735.764043_lon_4.5194274_lat_51.011637_alt_69.553_vel_6.557_expt_1523.096_gain_12.4_tag_RemoteSw1.jpg,image/jpeg,online
a8038736-82f9-44dc-bf2f-a58c0aaa24bd,b71f65a1-1ef9-3fcd-bff8-34ce8ea8adb4,StillImage,CC-BY-4.0,2024-09-03T11:07:35Z,,fixed sampling rate,https://anon.erda.au.dk/share_redirect/HO2mESGt0O/tiff2jpg/2024/belgium/CT_20240903T110735.775783_GT_20240903T110735.764043_lon_4.5194274_lat_51.011637_alt_69.553_vel_6.557_expt_1523.096_gain_12.4_tag_RemoteSw1.jpg,image/jpeg,online
8a3aab71-7849-473d-bde8-78cae74d2c4b,b71f65a1-1ef9-3fcd-bff8-34ce8ea8adb4,StillImage,CC-BY-4.0,2024-09-03T11:07:35Z,,fixed sampling rate,https://anon.erda.au.dk/share_redirect/HO2mESGt0O/tiff2jpg/2024/belgium/CT_20240903T110735.775783_GT_20240903T110735.764043_lon_4.5194274_lat_51.011637_alt_69.553_vel_6.557_expt_1523.096_gain_12.4_tag_RemoteSw1.jpg,image/jpeg,online
ec151973-9636-4c9a-8736-e0199acc594a,70861c1b-9a4d-3c36-bf96-08bc96dbf5b5,StillImage,CC-BY-4.0,2024-09-03T11:07:47Z,,fixed sampling rate,https://anon.erda.au.dk/share_redirect/HO2mESGt0O/tiff2jpg/2024/belgium/CT_20240903T110747.793144_GT_20240903T110747.767673_lon_4.5190655_lat_51.0116495_alt_73.768_vel_6.895_expt_1622.264_gain_11.3_tag_RemoteSw1.jpg,image/jpeg,online
0ae95222-219c-4273-9eac-11f25c8d8ed4,70861c1b-9a4d-3c36-bf96-08bc96dbf5b5,StillImage,CC-BY-4.0,2024-09-03T11:07:47Z,,fixed sampling rate,https://anon.erda.au.dk/share_redirect/HO2mESGt0O/tiff2jpg/2024/belgium/CT_20240903T110747.793144_GT_20240903T110747.767673_lon_4.5190655_lat_51.0116495_alt_73.768_vel_6.895_expt_1622.264_gain_11.3_tag_RemoteSw1.jpg,image/jpeg,online
7eb79e0a-2f3e-4cfc-a978-b7a0ac94530e,d91258c5-a68c-3fe9-98bb-4adb2a0db676,StillImage,CC-BY-4.0,2024-09-03T11:07:50Z,,fixed sampling rate,https://anon.erda.au.dk/share_redirect/HO2mESGt0O/tiff2jpg/2024/belgium/CT_20240903T110750.512713_GT_20240903T110750.466422_lon_4.5189884_lat_51.011649899999995_alt_74.635_vel_6.33_expt_1556.152_gain_10.9_tag_RemoteSw1.jpg,image/jpeg,online
c1a3e6b1-e247-4822-aa94-803ed92451df,d91258c5-a68c-3fe9-98bb-4adb2a0db676,StillImage,CC-BY-4.0,2024-09-03T11:07:50Z,,fixed sampling rate,https://anon.erda.au.dk/share_redirect/HO2mESGt0O/tiff2jpg/2024/belgium/CT_20240903T110750.512713_GT_20240903T110750.466422_lon_4.5189884_lat_51.011649899999995_alt_74.635_vel_6.33_expt_1556.152_gain_10.9_tag_RemoteSw1.jpg,image/jpeg,online
b1fba034-9e9e-4968-8048-2c29c9e919c7,d91258c5-a68c-3fe9-98bb-4adb2a0db676,StillImage,CC-BY-4.0,2024-09-03T11:07:50Z,,fixed sampling rate,https://anon.erda.au.dk/share_redirect/HO2mESGt0O/tiff2jpg/2024/belgium/CT_20240903T110750.512713_GT_20240903T110750.466422_lon_4.5189884_lat_51.011649899999995_alt_74.635_vel_6.33_expt_1556.152_gain_10.9_tag_RemoteSw1.jpg,image/jpeg,online
d8fee0dc-4d8f-45ed-9edc-97f8c9bf988d,d91258c5-a68c-3fe9-98bb-4adb2a0db676,StillImage,CC-BY-4.0,2024-09-03T11:07:50Z,,fixed sampling rate,https://anon.erda.au.dk/share_redirect/HO2mESGt0O/tiff2jpg/2024/belgium/CT_20240903T110750.512713_GT_20240903T110750.466422_lon_4.5189884_lat_51.011649899999995_alt_74.635_vel_6.33_expt_1556.152_gain_10.9_tag_RemoteSw1.jpg,image/jpeg,online
a912fc08-5b3a-46ea-872d-17201c7bfcd6,7dcc6e96-4b18-3573-9bcf-bf35fb9b0ffc,StillImage,CC-BY-4.0,2024-09-03T11:07:59Z,,fixed sampling rate,https://anon.erda.au.dk/share_redirect/HO2mESGt0O/tiff2jpg/2024/belgium/CT_20240903T110759.742295_GT_20240903T110759.666648_lon_4.518801_lat_51.011634099999995_alt_72.827_vel_1.697_expt_1589.208_gain_9.9_tag_RemoteSw1.jpg,image/jpeg,online
70ec7355-d4ef-43c9-89f1-5b458d47ed55,7dcc6e96-4b18-3573-9bcf-bf35fb9b0ffc,StillImage,CC-BY-4.0,2024-09-03T11:07:59Z,,fixed sampling rate,https://anon.erda.au.dk/share_redirect/HO2mESGt0O/tiff2jpg/2024/belgium/CT_20240903T110759.742295_GT_20240903T110759.666648_lon_4.518801_lat_51.011634099999995_alt_72.827_vel_1.697_expt_1589.208_gain_9.9_tag_RemoteSw1.jpg,image/jpeg,online
d4bb5567-e58c-464a-944b-632afdbce42a,fc7eec2b-d06f-3460-8896-af608f352252,StillImage,CC-BY-4.0,2024-09-03T14:12:19Z,,fixed sampling rate,https://anon.erda.au.dk/share_redirect/HO2mESGt0O/tiff2jpg/2024/belgium/CT_20240903T141219.372493_GT_20240903T141219.372383_lon_4.4416551_lat_51.0594209_alt_51.644_vel_24.552_expt_399.152_gain_9.1_tag_RemoteSw1.jpg,image/jpeg,online
8a49286e-393e-4259-8417-1abbd4f69d2b,b055bc43-aebc-3829-bc48-17a66a6e03ec,StillImage,CC-BY-4.0,2024-09-03T15:30:36Z,,fixed sampling rate,https://anon.erda.au.dk/share_redirect/HO2mESGt0O/tiff2jpg/2024/belgium/CT_20240903T153036.620500_GT_20240903T153036.555656_lon_4.514592899999999_lat_51.0131388_alt_52.299_vel_19.458_expt_597.496_gain_14.6_tag_RemoteSw1.jpg,image/jpeg,online
a1aebd73-5a3e-40f8-b251-f6c22126ee95,b055bc43-aebc-3829-bc48-17a66a6e03ec,StillImage,CC-BY-4.0,2024-09-03T15:30:36Z,,fixed sampling rate,https://anon.erda.au.dk/share_redirect/HO2mESGt0O/tiff2jpg/2024/belgium/CT_20240903T153036.620500_GT_20240903T153036.555656_lon_4.514592899999999_lat_51.0131388_alt_52.299_vel_19.458_expt_597.496_gain_14.6_tag_RemoteSw1.jpg,image/jpeg,online
c77ac656-b6fc-4fdb-9714-ef04e0cafadd,b055bc43-aebc-3829-bc48-17a66a6e03ec,StillImage,CC-BY-4.0,2024-09-03T15:30:36Z,,fixed sampling rate,https://anon.erda.au.dk/share_redirect/HO2mESGt0O/tiff2jpg/2024/belgium/CT_20240903T153036.620500_GT_20240903T153036.555656_lon_4.514592899999999_lat_51.0131388_alt_52.299_vel_19.458_expt_597.496_gain_14.6_tag_RemoteSw1.jpg,image/jpeg,online
58b7332d-07d7-4903-81fe-70c540e06be6,b055bc43-aebc-3829-bc48-17a66a6e03ec,StillImage,CC-BY-4.0,2024-09-03T15:30:36Z,,fixed sampling rate,https://anon.erda.au.dk/share_redirect/HO2mESGt0O/tiff2jpg/2024/belgium/CT_20240903T153036.620500_GT_20240903T153036.555656_lon_4.514592899999999_lat_51.0131388_alt_52.299_vel_19.458_expt_597.496_gain_14.6_tag_RemoteSw1.jpg,image/jpeg,online
4d61f7d0-147f-4f55-ab05-4a5a63bd77d4,b055bc43-aebc-3829-bc48-17a66a6e03ec,StillImage,CC-BY-4.0,2024-09-03T15:30:36Z,,fixed sampling rate,https://anon.erda.au.dk/share_redirect/HO2mESGt0O/tiff2jpg/2024/belgium/CT_20240903T153036.620500_GT_20240903T153036.555656_lon_4.514592899999999_lat_51.0131388_alt_52.299_vel_19.458_expt_597.496_gain_14.6_tag_RemoteSw1.jpg,image/jpeg,online
ce12fcb7-81b6-4962-a41e-e5f6981d2138,b055bc43-aebc-3829-bc48-17a66a6e03ec,StillImage,CC-BY-4.0,2024-09-03T15:30:36Z,,fixed sampling rate,https://anon.erda.au.dk/share_redirect/HO2mESGt0O/tiff2jpg/2024/belgium/CT_20240903T153036.620500_GT_20240903T153036.555656_lon_4.514592899999999_lat_51.0131388_alt_52.299_vel_19.458_expt_597.496_gain_14.6_tag_RemoteSw1.jpg,image/jpeg,online
6bc6b42d-3455-41d2-9cfe-0dda5c89efa2,b055bc43-aebc-3829-bc48-17a66a6e03ec,StillImage,CC-BY-4.0,2024-09-03T15:30:36Z,,fixed sampling rate,https://anon.erda.au.dk/share_redirect/HO2mESGt0O/tiff2jpg/2024/belgium/CT_20240903T153036.620500_GT_20240903T153036.555656_lon_4.514592899999999_lat_51.0131388_alt_52.299_vel_19.458_expt_597.496_gain_14.6_tag_RemoteSw1.jpg,image/jpeg,online
48c58755-4d20-4e58-b6a1-c766ecec3d46,b055bc43-aebc-3829-bc48-17a66a6e03ec,StillImage,CC-BY-4.0,2024-09-03T15:30:36Z,,fixed sampling rate,https://anon.erda.au.dk/share_redirect/HO2mESGt0O/tiff2jpg/2024/belgium/CT_20240903T153036.620500_GT_20240903T153036.555656_lon_4.514592899999999_lat_51.0131388_alt_52.299_vel_19.458_expt_597.496_gain_14.6_tag_RemoteSw1.jpg,image/jpeg,online
4be129bc-fe34-4e0c-855d-9ed2b3ec1c4d,b055bc43-aebc-3829-bc48-17a66a6e03ec,StillImage,CC-BY-4.0,2024-09-03T15:30:36Z,,fixed sampling rate,https://anon.erda.au.dk/share_redirect/HO2mESGt0O/tiff2jpg/2024/belgium/CT_20240903T153036.620500_GT_20240903T153036.555656_lon_4.514592899999999_lat_51.0131388_alt_52.299_vel_19.458_expt_597.496_gain_14.6_tag_RemoteSw1.jpg,image/jpeg,online
e0fa8ba0-2ad8-40c4-bd48-3e4bcde95f02,f24bc91d-632b-3643-a2f9-0ec1da26a8d1,StillImage,CC-BY-4.0,2024-09-03T15:30:45Z,,fixed sampling rate,https://anon.erda.au.dk/share_redirect/HO2mESGt0O/tiff2jpg/2024/belgium/CT_20240903T153046.019884_GT_20240903T153045.955428_lon_4.5146709_lat_51.0126534_alt_51.024_vel_20.023_expt_498.328_gain_16.0_tag_RemoteSw1.jpg,image/jpeg,online
110863ff-f64b-4d15-a3c6-462035320251,f24bc91d-632b-3643-a2f9-0ec1da26a8d1,StillImage,CC-BY-4.0,2024-09-03T15:30:45Z,,fixed sampling rate,https://anon.erda.au.dk/share_redirect/HO2mESGt0O/tiff2jpg/2024/belgium/CT_20240903T153046.019884_GT_20240903T153045.955428_lon_4.5146709_lat_51.0126534_alt_51.024_vel_20.023_expt_498.328_gain_16.0_tag_RemoteSw1.jpg,image/jpeg,online
620756aa-2b03-46de-9e06-d7aa6837c7eb,f24bc91d-632b-3643-a2f9-0ec1da26a8d1,StillImage,CC-BY-4.0,2024-09-03T15:30:45Z,,fixed sampling rate,https://anon.erda.au.dk/share_redirect/HO2mESGt0O/tiff2jpg/2024/belgium/CT_20240903T153046.019884_GT_20240903T153045.955428_lon_4.5146709_lat_51.0126534_alt_51.024_vel_20.023_expt_498.328_gain_16.0_tag_RemoteSw1.jpg,image/jpeg,online
65ffbc2f-d0e9-4bd5-9ce0-1464887a55e8,f24bc91d-632b-3643-a2f9-0ec1da26a8d1,StillImage,CC-BY-4.0,2024-09-03T15:30:45Z,,fixed sampling rate,https://anon.erda.au.dk/share_redirect/HO2mESGt0O/tiff2jpg/2024/belgium/CT_20240903T153046.019884_GT_20240903T153045.955428_lon_4.5146709_lat_51.0126534_alt_51.024_vel_20.023_expt_498.328_gain_16.0_tag_RemoteSw1.jpg,image/jpeg,online
980c6a78-d13d-4866-8728-9dee2e5ef16e,bfbcfc4f-af82-3bae-b881-913b3df10b59,StillImage,CC-BY-4.0,2024-09-03T15:30:58Z,,fixed sampling rate,https://anon.erda.au.dk/share_redirect/HO2mESGt0O/tiff2jpg/2024/belgium/CT_20240903T153058.264207_GT_20240903T153058.257643_lon_4.515242_lat_51.0121896_alt_52.029_vel_19.906_expt_531.384_gain_18.4_tag_RemoteSw1.jpg,image/jpeg,online
61ec0f58-1243-494b-a24c-a9d2e4e2efe1,bfbcfc4f-af82-3bae-b881-913b3df10b59,StillImage,CC-BY-4.0,2024-09-03T15:30:58Z,,fixed sampling rate,https://anon.erda.au.dk/share_redirect/HO2mESGt0O/tiff2jpg/2024/belgium/CT_20240903T153058.264207_GT_20240903T153058.257643_lon_4.515242_lat_51.0121896_alt_52.029_vel_19.906_expt_531.384_gain_18.4_tag_RemoteSw1.jpg,image/jpeg,online
fac53db7-55b0-4314-86d6-86a25ae927eb,e04db101-7090-3508-94b3-5b500aa9d925,StillImage,CC-BY-4.0,2024-09-03T15:31:23Z,,fixed sampling rate,https://anon.erda.au.dk/share_redirect/HO2mESGt0O/tiff2jpg/2024/belgium/CT_20240903T153123.857391_GT_20240903T153123.855051_lon_4.517695_lat_51.0119119_alt_52.888_vel_24.95_expt_399.152_gain_17.1_tag_RemoteSw1.jpg,image/jpeg,online
bb7b3738-296a-4243-8567-d6db952d912f,854ee3d0-cb9a-34aa-8c98-dc833d965cd8,StillImage,CC-BY-4.0,2024-09-03T15:31:30Z,,fixed sampling rate,https://anon.erda.au.dk/share_redirect/HO2mESGt0O/tiff2jpg/2024/belgium/CT_20240903T153130.640076_GT_20240903T153130.551557_lon_4.5183710999999995_lat_51.0119519_alt_53.47_vel_24.014_expt_399.152_gain_16.1_tag_RemoteSw1.jpg,image/jpeg,online
26420ca7-a0e0-4fc0-b3ce-10cddb070f41,854ee3d0-cb9a-34aa-8c98-dc833d965cd8,StillImage,CC-BY-4.0,2024-09-03T15:31:30Z,,fixed sampling rate,https://anon.erda.au.dk/share_redirect/HO2mESGt0O/tiff2jpg/2024/belgium/CT_20240903T153130.640076_GT_20240903T153130.551557_lon_4.5183710999999995_lat_51.0119519_alt_53.47_vel_24.014_expt_399.152_gain_16.1_tag_RemoteSw1.jpg,image/jpeg,online
c4135ebe-b6dd-49ea-a517-966b762270a3,5521d6c7-a981-3157-9746-ee266023eaa9,StillImage,CC-BY-4.0,2024-09-03T15:31:42Z,,fixed sampling rate,https://anon.erda.au.dk/share_redirect/HO2mESGt0O/tiff2jpg/2024/belgium/CT_20240903T153142.146145_GT_20240903T153142.054322_lon_4.5195403999999995_lat_51.0119529_alt_52.749_vel_23.187_expt_432.208_gain_14.3_tag_RemoteSw1.jpg,image/jpeg,online
f0e896cb-3449-48b6-a771-43a41e5c267e,5521d6c7-a981-3157-9746-ee266023eaa9,StillImage,CC-BY-4.0,2024-09-03T15:31:42Z,,fixed sampling rate,https://anon.erda.au.dk/share_redirect/HO2mESGt0O/tiff2jpg/2024/belgium/CT_20240903T153142.146145_GT_20240903T153142.054322_lon_4.5195403999999995_lat_51.0119529_alt_52.749_vel_23.187_expt_432.208_gain_14.3_tag_RemoteSw1.jpg,image/jpeg,online
7caccad5-d54c-450b-bcd0-e51ba9c7b16e,5521d6c7-a981-3157-9746-ee266023eaa9,StillImage,CC-BY-4.0,2024-09-03T15:31:42Z,,fixed sampling rate,https://anon.erda.au.dk/share_redirect/HO2mESGt0O/tiff2jpg/2024/belgium/CT_20240903T153142.146145_GT_20240903T153142.054322_lon_4.5195403999999995_lat_51.0119529_alt_52.749_vel_23.187_expt_432.208_gain_14.3_tag_RemoteSw1.jpg,image/jpeg,online
d288bcef-3dc6-4ce8-8171-57bd14cdb158,5521d6c7-a981-3157-9746-ee266023eaa9,StillImage,CC-BY-4.0,2024-09-03T15:31:42Z,,fixed sampling rate,https://anon.erda.au.dk/share_redirect/HO2mESGt0O/tiff2jpg/2024/belgium/CT_20240903T153142.146145_GT_20240903T153142.054322_lon_4.5195403999999995_lat_51.0119529_alt_52.749_vel_23.187_expt_432.208_gain_14.3_tag_RemoteSw1.jpg,image/jpeg,online
d918871d-8602-47ee-935a-1d51ac4b8652,85a483b8-88a8-36c2-907c-2ccf43eb77fd,StillImage,CC-BY-4.0,2024-09-03T15:33:45Z,,fixed sampling rate,https://anon.erda.au.dk/share_redirect/HO2mESGt0O/tiff2jpg/2024/belgium/CT_20240903T153345.198309_GT_20240903T153345.158384_lon_4.525572599999999_lat_51.009847199999996_alt_49.622_vel_21.303_expt_432.208_gain_11.3_tag_RemoteSw1.jpg,image/jpeg,online
e82d9e41-72c1-41bf-9f43-e269adfa4934,90c756f7-5c54-3576-9231-42b89a457494,StillImage,CC-BY-4.0,2024-09-03T15:38:28Z,,fixed sampling rate,https://anon.erda.au.dk/share_redirect/HO2mESGt0O/tiff2jpg/2024/belgium/CT_20240903T153828.162644_GT_20240903T153828.157680_lon_4.5304509_lat_51.0083664_alt_50.593_vel_31.149_expt_333.04_gain_12.4_tag_RemoteSw1.jpg,image/jpeg,online
c0c7d7d5-d484-49f3-b11c-5f594164b5cc,cc5c3ad9-e0c2-3ba7-8e40-49847a2eb5d6,StillImage,CC-BY-4.0,2024-09-09T13:47:35Z,,fixed sampling rate,https://anon.erda.au.dk/share_redirect/HO2mESGt0O/tiff2jpg/2024/belgium/CT_20240909T134735.579600_GT_20240909T134735.561789_lon_4.984643_lat_51.0020348_alt_74.17_vel_10.752_expt_1192.52_gain_12.6_tag_RemoteSw1.jpg,image/jpeg,online
a8b1b6af-1aaa-46e6-9a3b-e4994de343d7,cc5c3ad9-e0c2-3ba7-8e40-49847a2eb5d6,StillImage,CC-BY-4.0,2024-09-09T13:47:35Z,,fixed sampling rate,https://anon.erda.au.dk/share_redirect/HO2mESGt0O/tiff2jpg/2024/belgium/CT_20240909T134735.579600_GT_20240909T134735.561789_lon_4.984643_lat_51.0020348_alt_74.17_vel_10.752_expt_1192.52_gain_12.6_tag_RemoteSw1.jpg,image/jpeg,online
2ee9b5b8-b0d4-47d9-a1fa-c6bed84389ca,cc5c3ad9-e0c2-3ba7-8e40-49847a2eb5d6,StillImage,CC-BY-4.0,2024-09-09T13:47:35Z,,fixed sampling rate,https://anon.erda.au.dk/share_redirect/HO2mESGt0O/tiff2jpg/2024/belgium/CT_20240909T134735.579600_GT_20240909T134735.561789_lon_4.984643_lat_51.0020348_alt_74.17_vel_10.752_expt_1192.52_gain_12.6_tag_RemoteSw1.jpg,image/jpeg,online
6f0779d2-7bc1-4bc6-b8c0-ddc837a55857,992a4b9a-19d8-3d3f-85d8-2e23c255de19,StillImage,CC-BY-4.0,2024-09-09T13:47:57Z,,fixed sampling rate,https://anon.erda.au.dk/share_redirect/HO2mESGt0O/tiff2jpg/2024/belgium/CT_20240909T134757.734099_GT_20240909T134757.665190_lon_4.9832956_lat_51.002154_alt_83.243_vel_19.148_expt_498.328_gain_27.6_tag_RemoteSw1.jpg,image/jpeg,online
82837cf6-e3ea-4cb8-b750-1b9c286dab64,26dea584-559a-359e-b986-0c6505c7f0a6,StillImage,CC-BY-4.0,2024-09-09T13:48:03Z,,fixed sampling rate,https://anon.erda.au.dk/share_redirect/HO2mESGt0O/tiff2jpg/2024/belgium/CT_20240909T134803.743682_GT_20240909T134803.665048_lon_4.982882_lat_51.0021798_alt_85.862_vel_19.073_expt_531.384_gain_21.7_tag_RemoteSw1.jpg,image/jpeg,online
